id;ship_name;loa;country_iso3;gear;type;imo;ircs;cfr;main_engine_power;auxiliary_engine_power;tonnage_gt;other_tonnage;fish_hold_volume;carrying_capacity;external_marking;start_date;end_date;status;source
PS001;SAN ANDRES;78;ECU;One boat operated purse seines;Purse seiner;8909252;HC4154;;4690;0;2193;;1862;;;01/01/2000;;ACTIVE;WCPFC, IMO, GFW, AIS
PS001;SAN ANDRES;78;CYP;One boat operated purse seines;Purse seiner;8909252;;;4690;0;2193;;1862;;;01/01/1998;31/12/1999;ACTIVE;WCPFC, IMO, GFW, AIS
PS001;ISABEL TUNA;78;CYP;One boat operated purse seines;Purse seiner;8909252;;;4690;0;2193;;1862;;;01/01/1991;31/12/1997;ACTIVE;WCPFC, IMO, GFW, AIS
PS002;UGAVI;81;ECU;Boat or vessel seines;Purse seiner;7910682;HC4385;;5020;0;1997;;1875;;;01/04/2001;;ACTIVE;WCPFC, IMO, GFW, AIS
PS002;UGAVI;81;PAN;Boat or vessel seines;Purse seiner;7910682;;;5020;0;1997;;1875;;;01/03/1998;31/03/2001;ACTIVE;WCPFC, IMO, GFW, AIS
PS002;UGAVI;81;VUT;Boat or vessel seines;Purse seiner;7910682;;;5020;0;1997;;1875;;;01/08/1994;28/02/1998;ACTIVE;WCPFC, IMO, GFW, AIS
PS002;GUADALQUIVIR;81;PAN;Boat or vessel seines;Purse seiner;7910682;;;5020;0;1997;;1875;;;01/05/1989;31/07/1994;ACTIVE;WCPFC, IMO, GFW, AIS
ESP000012219;UGAVI DOS;77.3;ECU;Boat or vessel seines;Purse seiner;8206301;HC4593;ESP000012219;4400;0;2165;;1881;;;01/09/2004;;ACTIVE;WCPFC, IMO, GFW, AIS
ESP000012219;UGAVI DOS;77.3;;Boat or vessel seines;Purse seiner;8206301;;ESP000012219;4400;0;2165;;1881;;;01/12/2003;31/08/2004;ACTIVE;WCPFC, IMO, GFW, AIS
ESP000012219;UGAVI DOS;77.3;VUT;Boat or vessel seines;Purse seiner;8206301;;ESP000012219;4400;0;2165;;1881;;;01/09/2003;30/11/2003;ACTIVE;WCPFC, IMO, GFW, AIS
ESP000012219;UGAVI DOS;77.3;;Boat or vessel seines;Purse seiner;8206301;;ESP000012219;4400;0;2165;;1881;;;01/07/2003;31/08/2003;ACTIVE;WCPFC, IMO, GFW, AIS
ESP000012219;UGAVI DOS;77.3;VUT;Boat or vessel seines;Purse seiner;8206301;;ESP000012219;4400;0;2165;;1881;;;01/12/2002;30/06/2003;ACTIVE;WCPFC, IMO, GFW, AIS
ESP000012219;ALBACORA DIECISEIS;71.48;ESP;Boat or vessel seines;Purse seiner;8206301;EGRF;ESP000012219;3236.19;1728.42;2165;1475.36;1881;;3VI-5-9833;01/07/1983;30/11/2002;ACTIVE;WCPFC, EU REGISTER, IMO, GFW
PS004;PANAMA TUNA;116;ECU;Purse seine;Purse seiner;9175028;HC4697;;5850;0;4401.22;;3037;2612;;01/07/2007;;ACTIVE;IATTC, IMO, GFW
PS004;PANAMA TUNA;116;PAN;Purse seine;Purse seiner;9175028;;;5850;0;4401.22;;3037;2612;;01/07/1999;30/06/2007;ACTIVE;IATTC, IMO, GFW
PS004;PANAMA TUNA;116;ESP;Purse seine;Purse seiner;9175028;;;5850;0;4401.22;;3037;2612;;01/01/1999;30/06/1999;ACTIVE;IATTC, IMO, GFW
ESP000012218;MARIA JOSE J;76.8;ECU;Purse seine;Purse seiner;7403639;HC6770;ESP000012218;4400;0;1907;;1040;887;;01/04/2025;;ACTIVE;IATTC, IMO, GFW
ESP000012218;ALBACORA NUEVE;76.8;CUW;Purse seine;Purse seiner;7403639;PJXU;ESP000012218;4000;0;1897;;1040;887;;01/10/2010;31/03/2025;ACTIVE;ICCAT (57323588_inoperative), IATTC, IMO, GFW
ESP000012218;ALBACORA NUEVE;76.8;ANT;Purse seine;Purse seiner;7403639;PJXU;ESP000012218;4000;0;1897;;1040;887;;01/08/2010;30/09/2010;ACTIVE;ICCAT (57323588_inoperative), IATTC, IMO, GFW
ESP000012218;ALBACORA NUEVE;76.8;PAN;Purse seine;Purse seiner;7403639;;ESP000012218;4000;0;1897;;1040;887;;01/08/2004;31/07/2010;ACTIVE;ICCAT (57323588_inoperative), IATTC, IMO, GFW
ESP000012218;ALBACORA NUEVE;76.8;ANT;Purse seine;Purse seiner;7403639;;ESP000012218;4000;0;1897;;1040;887;;01/01/1996;31/07/2004;ACTIVE;ICCAT (57323588_inoperative), IATTC, IMO, GFW
ESP000012218;ALBACORA NUEVE;76.8;ESP;Purse seine;Purse seiner;7403639;;ESP000012218;4000;0;1897;;1040;887;;01/01/1995;31/12/1995;ACTIVE;ICCAT (57323588_inoperative), IATTC, IMO, GFW
ESP000012218;ALBACORA NUEVE;76.8;PAN;Purse seine;Purse seiner;7403639;;ESP000012218;4000;0;1897;;1040;887;;01/11/1990;31/12/1994;ACTIVE;ICCAT (57323588_inoperative), IATTC, IMO, GFW
ESP000012218;ALBACORA NUEVE;76.75;ESP;Purse seine;Purse seiner;7403639;EGZN;ESP000012218;2940;0;0;1349.63;1040;887;3-CT-41124;01/09/1976;31/10/1990;ACTIVE;ICCAT (57323588_inoperative), IATTC, EU REGISTER, IMO, GFW
PS006;GURIA;81.54;CUW;;Purse seiner;9758351;PJPC;;;;;;;;;01/12/2015;;ACTIVE;IMO, GFW, AIS
PS007;VALENTINA C;82.25;PAN;Purse seine;Purse seiner;7409140;3E8358;;4340;0;1988;;1308;1050;;01/01/2025;;ACTIVE;IATTC, IMO, GFW, AIS
PS007;VALENTINA C;82.25;COK;Purse seine;Purse seiner;7409140;E5U4427;;4340;0;1988;;1308;1050;;01/05/2022;31/12/2024;ACTIVE;IATTC, IMO, GFW, AIS
PS007;GALERNA;82.25;CUW;Purse seine;Purse seiner;7409140;PJQD;;4340;0;1988;;1308;1050;;01/10/2010;30/04/2022;ACTIVE;IATTC, IMO, GFW, AIS
PS007;GALERNA;82.25;ANT;Purse seine;Purse seiner;7409140;PJQD;;4340;0;1988;;1308;1050;;01/02/2006;30/09/2010;ACTIVE;IATTC, IMO, GFW, AIS
PS007;GERMON;82.25;MAR;Purse seine;Purse seiner;7409140;;;4340;0;1988;;1308;1050;;30/11/1979;31/01/2006;ACTIVE;IATTC, IMO, GFW, AIS
PS008;PLAYA DE AZKORRI;87;SYC;Purse seines;Purse seiner;9476111;S7PJ;;;;2548;;7215.13;;;14/02/2023;;ACTIVE;IOTC, IMO, GFW, AIS
PS008;PLAYA DE AZKORRI;87;BLZ;Purse seines;Purse seiner;9476111;V3ML9;;;;2548;;7215.13;;;01/03/2017;13/02/2023;ACTIVE;IOTC, IMO, GFW, AIS
PS008;PLAYA DE AZKORRI;87;CPV;Purse seines;Purse seiner;9476111;D4GW;;;;2548;;7215.13;;;01/06/2014;28/02/2017;ACTIVE;IOTC, IMO, GFW, AIS
PS008;PLAYA DE AZKORRI;87;BLZ;Purse seines;Purse seiner;9476111;V3ML9;;;;2548;;7215.13;;;01/10/2009;31/05/2014;ACTIVE;IOTC, IMO, GFW, AIS
PS009;SANT YAGO TRES;79.8;GTM;Purse seines;Purse seiner;8919427;TGSY3;;3530;0;2109 (GRT);;;1300;;17/03/2014;;ACTIVE;ICCAT (57323588_inoperative), IMO, GFW, AIS
PS009;CAP COZ;79.8;GTM;Purse seines;Purse seiner;8919427;TGSY3;;3530;0;2109 (GRT);;;1300;;01/01/2014;16/03/2014;ACTIVE;ICCAT (57323588_inoperative), IMO, GFW, AIS
PS009;CAP COZ;79.8;BLZ;Purse seines;Purse seiner;8919427;V3PV7;;3530;0;2109 (GRT);;;1300;;01/02/2011;31/12/2013;ACTIVE;ICCAT (57323588_inoperative), IMO, GFW, AIS
PS009;CAP COZ;79.8;THA;Purse seines;Purse seiner;8919427;;;3530;0;2109 (GRT);;;1300;;01/01/2011;31/01/2011;ACTIVE;ICCAT (57323588_inoperative), IMO, GFW, AIS
PS009;THAI UNION 1;79.8;THA;Purse seines;Purse seiner;8919427;;;3530;0;2109 (GRT);;;1300;;01/08/2007;31/12/2010;ACTIVE;ICCAT (57323588_inoperative), IMO, GFW, AIS
PS009;SUCCESS 1;79.8;GNQ;Purse seines;Purse seiner;8919427;;;3530;0;2109 (GRT);;;1300;;01/07/2007;31/07/2007;ACTIVE;ICCAT (57323588_inoperative), IMO, GFW, AIS
PS009;PROSPEROUS;79.8;THA;Purse seines;Purse seiner;8919427;;;3530;0;2109 (GRT);;;1300;;01/01/2006;30/06/2007;ACTIVE;ICCAT (57323588_inoperative), IMO, GFW, AIS
PS009;AMAZON VICTORY;79.8;GNQ;Purse seines;Purse seiner;8919427;;;3530;0;2109 (GRT);;;1300;;01/08/2005;31/12/2005;ACTIVE;ICCAT (57323588_inoperative), IMO, GFW, AIS
PS009;TS EXCELLENCE;79.8;COM;Purse seines;Purse seiner;8919427;;;3530;0;2109 (GRT);;;1300;;01/01/2005;31/07/2005;ACTIVE;ICCAT (57323588_inoperative), IMO, GFW, AIS
PS009;TS EXCELLENCE;79.8;BLZ;Purse seines;Purse seiner;8919427;;;3530;0;2109 (GRT);;;1300;;01/10/2002;31/12/2004;ACTIVE;ICCAT (57323588_inoperative), IMO, GFW, AIS
PS009;TS EXCELLENCE;79.8;PAN;Purse seines;Purse seiner;8919427;;;3530;0;2109 (GRT);;;1300;;01/11/1997;30/09/2002;ACTIVE;ICCAT (57323588_inoperative), IMO, GFW, AIS
PS009;PINNA;79.8;LBR;Purse seines;Purse seiner;8919427;;;3530;0;2109 (GRT);;;1300;;01/09/1991;31/10/1997;ACTIVE;ICCAT (57323588_inoperative), IMO, GFW, AIS
PS010;SANT YAGO UNO;79.8;GTM;Purse seines;Purse seiner;8919439;TGP012;;4800;0;2109 (GRT);;;;;01/06/2003;;ACTIVE;ICCAT (57323588_inoperative), IMO, GFW, AIS
PS010;SANT YAGO I;79.8;GTM;Purse seines;Purse seiner;8919439;TGP012;;4800;0;2109 (GRT);;;;;01/01/2002;31/05/2003;ACTIVE;ICCAT (57323588_inoperative), IMO, GFW, AIS
PS010;SANT YAGO I;79.8;ANT;Purse seines;Purse seiner;8919439;;;4800;0;2109 (GRT);;;;;01/11/1997;31/12/2001;ACTIVE;ICCAT (57323588_inoperative), IMO, GFW, AIS
PS010;DOURVEIL;79.8;ANT;Purse seines;Purse seiner;8919439;;;4800;0;2109 (GRT);;;;;01/05/1997;31/10/1997;ACTIVE;ICCAT (57323588_inoperative), IMO, GFW, AIS
PS010;DROUVEIL;79.8;VCT;Purse seines;Purse seiner;8919439;;;4800;0;2109 (GRT);;;;;01/10/1996;30/04/1997;ACTIVE;ICCAT (57323588_inoperative), IMO, GFW, AIS
PS010;DROUVEIL;79.8;LBR;Purse seines;Purse seiner;8919439;;;4800;0;2109 (GRT);;;;;01/01/1996;30/09/1996;ACTIVE;ICCAT (57323588_inoperative), IMO, GFW, AIS
PS010;PURPURA;79.8;LBR;Purse seines;Purse seiner;8919439;;;4800;0;2109 (GRT);;;;;01/11/1991;31/12/1995;ACTIVE;ICCAT (57323588_inoperative), IMO, GFW, AIS
PS011;ALBACORA CARIBE;77.8;PAN;Purse seines;Purse seiner;8716825;H9HB;;4400;0;2136 (GRT);;1881;;;01/08/2008;;ACTIVE;ICCAT (57323588_ACTIVE), IMO, GFW, AIS
PS011;ALBACORA CARIBE;77.8;ANT;Purse seines;Purse seiner;8716825;;;4400;0;2136 (GRT);;1881;;;01/01/2003;31/07/2008;ACTIVE;ICCAT (57323588_ACTIVE), IMO, GFW, AIS
PS011;ALBACORA CARIBE;77.8;VEN;Purse seines;Purse seiner;8716825;;;4400;0;2136 (GRT);;1881;;;01/01/2001;31/12/2002;ACTIVE;ICCAT (57323588_ACTIVE), IMO, GFW, AIS
PS011;ALBACORA CARIBE;77.8;ANT;Purse seines;Purse seiner;8716825;;;4400;0;2136 (GRT);;1881;;;01/01/1996;31/12/2000;ACTIVE;ICCAT (57323588_ACTIVE), IMO, GFW, AIS
PS011;ALBACORA CARIBE;77.8;PAN;Purse seines;Purse seiner;8716825;;;4400;0;2136 (GRT);;1881;;;01/03/1990;31/12/1995;ACTIVE;ICCAT (57323588_ACTIVE), IMO, GFW, AIS
PS012;TXOPITUNA DOS;77.3;PAN;Purse seine;Purse seiner;7805966;H8EE;;4400;0;2167;;1781;1390;;22/02/2014;;ACTIVE;IATTC, IMO, GFW, AIS
PS012;INTERTUNA UNO;77.3;SYC;Purse seine;Purse seiner;7805966;;;4400;0;2167;;1781;1390;;01/11/2003;21/02/2014;ACTIVE;IATTC, IMO, GFW, AIS
PS012;INTERTUNA UNO;77.3;ANT;Purse seine;Purse seiner;7805966;;;4400;0;2167;;1781;1390;;01/08/1997;31/10/2003;ACTIVE;IATTC, IMO, GFW, AIS
PS012;INTERTUNA UNO;77.3;PAN;Purse seine;Purse seiner;7805966;;;4400;0;2167;;1781;1390;;01/06/1990;31/07/1997;ACTIVE;IATTC, IMO, GFW, AIS
PS012;MARATUN;77.3;PAN;Purse seine;Purse seiner;7805966;;;4400;0;2167;;1781;1390;;01/03/1980;31/05/1990;ACTIVE;IATTC, IMO, GFW, AIS
PS013;TXOPITUNA;77.3;PAN;Purse seine;Purse seiner;8719310;3EYS;;4400;0;2058;;1881;1427;;01/04/2010;;ACTIVE;IATTC, IMO, GFW, AIS
PS013;INTERTUNA DOS;77.3;PAN;Purse seine;Purse seiner;8719310;;;4400;0;2058;;1881;1427;;01/03/2010;31/03/2010;ACTIVE;IATTC, IMO, GFW, AIS
PS013;INTERTUNA DOS;77.3;SYC;Purse seine;Purse seiner;8719310;;;4400;0;2058;;1881;1427;;01/11/2003;28/02/2010;ACTIVE;IATTC, IMO, GFW, AIS
PS013;INTERTUNA DOS;77.3;ANT;Purse seine;Purse seiner;8719310;;;4400;0;2058;;1881;1427;;01/07/1997;31/10/2003;ACTIVE;IATTC, IMO, GFW, AIS
PS013;INTERTUNA DOS;77.3;PAN;Purse seine;Purse seiner;8719310;;;4400;0;2058;;1881;1427;;01/02/1990;30/06/1997;ACTIVE;IATTC, IMO, GFW, AIS
PS014;GALERNA LAU;82.06;MUS;Purse seine;Purse seiner;9861495;3B2856;;;;3206;;1909;;;18/12/2023;;ACTIVE;IOTC, IMO, GFW
PS014;GALERNA LAU;82.06;PAN;Purse seine;Purse seiner;9861495;3FWW4;;;;3206;;1909;;;01/10/2019;17/12/2023;ACTIVE;IOTC, IMO, GFW
PS015;MONTELUCIA;91.9;SLV;With purse lines (purse seine);Purse seiner;9232668;YSC2001;;6607;0;3005;;2554;;;01/02/2001;;ACTIVE;ICCAT (57323588_ACTIVE), WCPFC, IMO, GFW, AIS
PS016;MONTEROCIO;79.8;SLV;With purse lines (purse seine);Purse seiner;8919453;YSC2002;;4800;0;2118;;1919;;;01/02/2001;;ACTIVE;ICCAT (57323588_ACTIVE), WCPFC, IMO, GFW, AIS
PS016;MONTEROCIO;79.8;PNG;With purse lines (purse seine);Purse seiner;8919453;;;4800;0;2118;;1919;;;01/01/1998;31/01/2001;ACTIVE;ICCAT (57323588_ACTIVE), WCPFC, IMO, GFW, AIS
PS016;MONTEROCIO;79.8;LBR;With purse lines (purse seine);Purse seiner;8919453;;;4800;0;2118;;1919;;;01/01/1997;31/12/1997;ACTIVE;ICCAT (57323588_ACTIVE), WCPFC, IMO, GFW, AIS
PS016;GOMER;79.8;LBR;With purse lines (purse seine);Purse seiner;8919453;;;4800;0;2118;;1919;;;01/01/1992;31/12/1996;ACTIVE;ICCAT (57323588_ACTIVE), WCPFC, IMO, GFW, AIS
ESP000020209;MONTELAPE;78.39;SLV;With purse lines (purse seine);Purse seiner;8021775;YSC2004;ESP000020209;4407;0;2058;;1559;;;01/01/2009;;ACTIVE;ICCAT (57323588_ACTIVE), WCPFC, IMO, GFW, AIS
ESP000020209;MONTELAPE;78.39;SYC;With purse lines (purse seine);Purse seiner;8021775;;ESP000020209;4407;0;2058;;1559;;;27/10/2003;31/12/2008;ACTIVE;ICCAT (57323588_ACTIVE), WCPFC, IMO, GFW, AIS
ESP000020209;MONTELAPE;78.1;ESP;With purse lines (purse seine);Purse seiner;8021775;EHPP;ESP000020209;3000.83;1323.9;2058;1095;1559;;3CO-2-3865;01/01/1988;26/10/2003;ACTIVE;ICCAT (57323588_ACTIVE), WCPFC, EU REGISTER, IMO, GFW
ESP000020208;HELLAS TUNA;82.83;PAN;Purse seine;Purse seiner;8021763;HPAL;ESP000020208;4345;0;2157;;1860;1430;;15/04/2021;;ACTIVE;ICCAT (57323588_inoperative), IATTC, IMO, GFW, AIS
ESP000020208;MONTEALEGRE;82.83;PAN;Purse seine;Purse seiner;8021763;HPAL;ESP000020208;4345;0;2157;;1860;1430;;01/03/2012;14/04/2021;ACTIVE;ICCAT (57323588_inoperative), IATTC, IMO, GFW, AIS
ESP000020208;MONTEALEGRE;82.83;SLV;Purse seine;Purse seiner;8021763;YSC2005;ESP000020208;4345;0;2157;;1860;1430;;01/02/2009;29/02/2012;ACTIVE;ICCAT (57323588_inoperative), IATTC, IMO, GFW, AIS
ESP000020208;MONTEALEGRE;82.83;SYC;Purse seine;Purse seiner;8021763;;ESP000020208;4345;0;2157;;1860;1430;;01/01/2005;31/01/2009;ACTIVE;ICCAT (57323588_inoperative), IATTC, IMO, GFW, AIS
ESP000020208;MONTEALEGRE;82.51;ESP;Purse seine;Purse seiner;8021763;EHPT;ESP000020208;3000.83;1323.9;1682;1095;1860;1430;3CO-2-3866;01/01/1988;31/12/2004;ACTIVE;ICCAT (57323588_inoperative), IATTC, EU REGISTER, IMO, GFW
PS019;SISARGAS;79.8;SLV;Purse seine;Purse seiner;9698551;YS2018;;5500;0;1914;;1729;1477;;07/05/2018;;ACTIVE;IATTC, IMO, GFW
PS019;CAPE ANN;79.8;USA;Purse seine;Purse seiner;9698551;WDH8357;;5500;0;1914;;1729;1477;;16/02/2015;06/05/2018;ACTIVE;IATTC, IMO, GFW
ESP000013237;MONTEFRISA NUEVE;76.75;SLV;Purse seine;Purse seiner;7409176;YSC3216;ESP000013237;4400;0;1902 (GRT);;1358;;;11/03/2016;;ACTIVE;ICCAT (57323588_ACTIVE), IMO, GFW, AIS
ESP000013237;MONTEFRISA NUEVE;76.75;CPV;Purse seine;Purse seiner;7409176;D4FA;ESP000013237;4400;0;1902 (GRT);;1358;;;01/06/2012;10/03/2016;ACTIVE;ICCAT (57323588_ACTIVE), IMO, GFW, AIS
ESP000013237;MONTEFRISA NUEVE;76.75;GHA;Purse seine;Purse seiner;7409176;;ESP000013237;4400;0;1902 (GRT);;1358;;;01/10/2011;31/05/2012;ACTIVE;ICCAT (57323588_ACTIVE), IMO, GFW, AIS
ESP000013237;MONTEFRISA NUEVE;76.75;CPV;Purse seine;Purse seiner;7409176;D4FA;ESP000013237;4400;0;1902 (GRT);;1358;;;01/01/2005;30/09/2011;ACTIVE;ICCAT (57323588_ACTIVE), IMO, GFW, AIS
ESP000013237;MONTEFRISA NUEVE;66;ESP;Purse seine;Purse seiner;7409176;EAGD;ESP000013237;3235.29;1102.94;1935;1902;1358;;3-BI-32925;01/01/1984;31/12/2004;ACTIVE;EU REGISTER, ICCAT (57323588_ACTIVE), IMO, GFW
PS021;JANE IV;78.83;PAN;Purse seine;Purse seiner;7915931;HO4220;;2025;0;1640 (GRT);;1633;1369;;01/10/2005;;ACTIVE;IATTC, ICCAT (57323588_inACTIVE), IMO, GFW, AIS
PS021;JANE;78.83;VEN;Purse seine;Purse seiner;7915931;;;2025;0;1640 (GRT);;1633;1369;;01/10/1980;30/09/2005;ACTIVE;IATTC, ICCAT (57323588_inACTIVE), IMO, GFW, AIS
ESP000003644;MONTECELO;76.75;SLV;Purse seine;Purse seiner;7409152;YSC2216;ESP000003644;4400;0;1931 (GRT;;1358;;;11/03/2016;;ACTIVE;ICCAT (57323588_ACTIVE), IMO, GFW, AIS
ESP000003644;MONTECELO;76.75;CPV;Purse seine;Purse seiner;7409152;D4EZ;ESP000003644;4400;0;1931 (GRT;;1358;;;01/11/2012;10/03/2016;ACTIVE;ICCAT (57323588_ACTIVE), IMO, GFW, AIS
ESP000003644;MONTECELO;76.75;GHA;Purse seine;Purse seiner;7409152;;ESP000003644;4400;0;1931 (GRT;;1358;;;01/10/2011;31/10/2012;ACTIVE;ICCAT (57323588_ACTIVE), IMO, GFW, AIS
ESP000003644;MONTECELO;76.75;CPV;Purse seine;Purse seiner;7409152;D4EZ;ESP000003644;4400;0;1931 (GRT;;1358;;;01/01/2005;30/09/2011;ACTIVE;ICCAT (57323588_ACTIVE), IMO, GFW, AIS
ESP000003644;MONTECELO;76.75;ESP;Purse seine;Purse seiner;7409152;EHWP;ESP000003644;3236.19;1712.24;1931;1381.98;1358;;3CO-2-3708;01/02/1980;31/12/2004;ACTIVE;EU REGISTER, ICCAT (57323588_ACTIVE), IMO, GFW
ESP000008238;ALMIRANTE 1;76.75;PAN;Purse seine;Purse seiner;7409164;HP9963;ESP000008238;4400;0;1967;;1358;1012;;29/01/2019;;ACTIVE;IATTC, IMO, GFW, AIS
ESP000008238;ESMERALDA C;76.75;ECU;Purse seine;Purse seiner;7409164;HC5155;ESP000008238;4400;0;1967;;1358;1012;;01/02/2011;28/01/2019;ACTIVE;IATTC, IMO, GFW, AIS
ESP000008238;ESMERALDA C;76.75;PAN;Purse seine;Purse seiner;7409164;;ESP000008238;4400;0;1967;;1358;1012;;01/02/2005;31/01/2011;ACTIVE;IATTC, IMO, GFW, AIS
ESP000008238;ESMERALDA C;76.75;VUT;Purse seine;Purse seiner;7409164;;ESP000008238;4400;0;1967;;1358;1012;;01/01/2001;31/01/2005;ACTIVE;IATTC, IMO, GFW, AIS
ESP000008238;EL ALMIRANTE;72.01;ESP;Purse seine;Purse seiner;7409164;EAYN;ESP000008238;3234;0;1966.5;0;1358;1012;3-CA-31069;01/11/1994;31/12/2000;ACTIVE;EU REGISTER, IATTC, IMO, GFW
ESP000008238;MONTEFRISA SIETE;72.01;ESP;Purse seine;Purse seiner;7409164;EAYN;ESP000008238;3234;0;1966.5;0;1358;1012;3-CA-31069;01/01/1982;31/10/1994;ACTIVE;EU REGISTER, IATTC, IMO, GFW
PS024;CAPE CORAL;80.98;MUS;Purse seine;Purse seiner;9699050;3B2924;;;;2072;;1729;;;03/02/2024;;ACTIVE;IOTC, IMO, GFW, AIS
PS024;CAPE CORAL;80.98;PAN;Purse seine;Purse seiner;9699050;3FEM8;;;;2072;;1729;;;12/06/2015;02/02/2024;ACTIVE;IOTC, IMO, GFW, AIS
PS025;BELLE RIVE;90;ECU;Purse seine;Purse seiner;9679622;HC6761;;3804;0;2667;;1630;1386;;01/03/2024;;ACTIVE;IATTC, IMO, GFW, AIS
PS025;BELLE RIVE;90;PAN;Purse seine;Purse seiner;9679622;3E7500;;3804;0;2667;;1630;1386;;03/12/2023;29/02/2024;ACTIVE;IATTC, IMO, GFW, AIS
PS025;BELLE RIVE;90;MUS;Purse seine;Purse seiner;9679622;3BRY;;3804;0;2667;;1630;1386;;24/06/2013;02/12/2023;ACTIVE;IATTC, IMO, GFW, AIS
PS026;BELLE ISLE;90;ECU;Purse seine;Purse seiner;9679634;HC6762;;3804;0;2667;;1630;1386;;01/05/2024;;ACTIVE;IATTC, IMO, GFW, AIS
PS026;BELLE ISLE;90;PAN;Purse seine;Purse seiner;9679634;3E7499;;3804;0;2667;;1630;1386;;02/12/2023;02/05/2024;ACTIVE;IATTC, IMO, GFW, AIS
PS026;BELLE ISLE;90;MUS;Purse seine;Purse seiner;9679634;3BRZ;;3804;0;2667;;1630;1386;;29/10/2013;01/12/2023;ACTIVE;IATTC, IMO, GFW, AIS
PS027;BALBAYA;30;MUS;;Purse seiner;9097185;3BSY;;;;;;;;;13/02/2017;;ACTIVE;IMO, GFW, AIS
PS027;ALBA UNO;30;MUS;;Purse seiner;9097185;S7IF;;;;;;;;;16/07/2013;12/02/2017;ACTIVE;IMO, GFW, AIS
FRA000930605;BELOUVE;89.41;PAN;Purse seine;Purse seiner;9653848;3E5811;FRA000930605;2681;0;2667;;1630;1386;;11/03/2024;;ACTIVE;IATTC, IMO, GFW, AIS
FRA000930605;BELOUVE;89.41;MUS;Purse seine;Purse seiner;9653848;3BTL;FRA000930605;2681;0;2667;;1630;1386;;19/01/2019;10/03/2024;ACTIVE;IATTC, IMO, GFW, AIS
FRA000930605;BELOUVE;89.4;FRA;Purse seine;Purse seiner;9653848;FIDQ;FRA000930605;3800;0;2667;0;1630;1386;RU930605;14/09/2012;18/01/2019;ACTIVE;EU REGISTER, IATTC, IMO, GFW
PS029;PLAYA DE LAIDA;79.5;BLZ;Purse seine;Purse seiner;9719812;V3WV6;;2800;0;2298;;825;;;09/01/2023;;ACTIVE;ICCAT (57323588_inACTIVE), IOTC, IMO, GFW, AIS
PS029;MORNE BLANC;79.5;SYC;Purse seine;Purse seiner;9719812;S7T0;;2800;0;2298;;825;;;16/06/2015;08/01/2023;ACTIVE;ICCAT (57323588_inACTIVE), IOTC, IMO, GFW, AIS
PS029;BELLE ROSE;79.5;MUS;Purse seine;Purse seiner;9719812;3BSM;;2800;0;2298;;825;;;19/01/2015;15/06/2015;ACTIVE;ICCAT (57323588_inACTIVE), IOTC, IMO, GFW, AIS
PS030;INTERTUNA TRES;115;SYC;Purse seine;Purse seiner;9202704;S7SA;;;;4428;;12538.7;;;01/07/2003;;ACTIVE;IOTC, IMO, GFW, AIS
PS030;INTERTUNA TRES;115;ANT;Purse seine;Purse seiner;9202704;;;;;4428;;12538.7;;;01/11/2000;30/06/2003;ACTIVE;IOTC, IMO, GFW, AIS
PS030;INTERTUNA TRES;115;BHS;Purse seine;Purse seiner;9202704;;;;;4428;;12538.7;;;01/01/2000;31/10/2000;ACTIVE;IOTC, IMO, GFW, AIS
PS031;TXORI AUNDI;78;SYC;Purse seine;Purse seiner;8208531;S7SZ;;;;2020;;5720;;;01/10/2004;;ACTIVE;IOTC, IMO, GFW, AIS
PS031;TXORI AUNDI;78;PAN;Purse seine;Purse seiner;8208531;;;;;2020;;5720;;;01/02/1984;30/09/2004;ACTIVE;IOTC, IMO, GFW, AIS
ESP000024421;TXORI TOKI;106.5;SYC;Purse seine;Purse seiner;9196682;S7LN;ESP000024421;7956;;4134;;11706.2;;;01/07/2015;;ACTIVE;ICCAT (57323588_inoperative), IOTC, IMO, GFW, AIS
ESP000024421;TXORI TOKI;106.5;BLZ;Purse seine;Purse seiner;9196682;;ESP000024421;7956;;4134;;11706.2;;;01/06/2015;30/06/2015;ACTIVE;ICCAT (57323588_inoperative), IOTC, IMO, GFW, AIS
ESP000024421;TXORI TOKI;106.5;ESP;Purse seine;Purse seiner;9196682;EAXE;ESP000024421;7956;0;4134;2797.34;;;3BI-2-4-99;01/03/2000;31/05/2015;ACTIVE;EU REGISTER, ICCAT (57323588_inoperative), IOTC, IMO, GFW
PS033;DRACO;95.7;SYC;Purse seine;Purse seiner;9335226;S7TW;;;;3296;;2550;;;01/06/2009;;ACTIVE;IOTC, IMO, GFW, AIS
PS033;DRACO;95.7;ANT;Purse seine;Purse seiner;9335226;;;;;3296;;2550;;;01/09/2008;31/05/2009;ACTIVE;IOTC, IMO, GFW, AIS
PS033;DRACO;95.7;SYC;Purse seine;Purse seiner;9335226;;;;;3296;;2550;;;01/06/2006;31/08/2008;ACTIVE;IOTC, IMO, GFW, AIS
PS033;DRACO;95.7;ANT;Purse seine;Purse seiner;9335226;;;;;3296;;2550;;;01/03/2006;31/05/2006;ACTIVE;IOTC, IMO, GFW, AIS
PS034;IZARO;89.22;SYC;Purse seine;Purse seiner;9684500;S70K;;;;2737;;1908.68;;;01/02/2014;;ACTIVE;IOTC, IMO, GFW, AIS
ESP000024024;PLAYA DE ANZORAS ;84.5;SYC;Purse seine;Purse seiner;9176917;S7IJ;ESP000024024;;;2446;;6926.3;;;01/12/2013;;ACTIVE;IOTC, IMO, GFW, AIS
ESP000024024;PLAYA DE ANZORAS ;85.5;ESP;Purse seine;Purse seiner;9176917;EAUB;ESP000024024;4302.67;3309.74;2446;1646;6926.3;;3BI-2-3-98;01/02/1999;30/11/2013;ACTIVE;EU REGISTER, IOTC, IMO, GFW
PS036;PLAYA DE LAGA;79;BLZ;Purse seine;Purse seiner;9719800;V3WO6;;2800;0;2298;;1040;;;09/12/2022;;ACTIVE;ICCAT (57323588_ACTIVE), IMO, GFW, AIS
PS036;MORN SESELWA ;79;SYC;Purse seine;Purse seiner;9719800;S7JA;;2800;0;2298;;1040;;;18/11/2014;08/12/2022;ACTIVE;ICCAT (57323588_ACTIVE), IMO, GFW, AIS
PS036;BELLE VUE;79;MUS;Purse seine;Purse seiner;9719800;3BSL;;2800;0;2298;;1040;;;27/09/2014;17/11/2014;ACTIVE;ICCAT (57323588_ACTIVE), IMO, GFW, AIS
PS037;GALERNA II;95.7;SYC;Purse seine;Purse seiner;9663154;S7VH;;;;3445;;2343;;;21/03/2014;;ACTIVE;IOTC, IMO, GFW, AIS
PS038;EUSKADI ALAI;88.65;SYC;Purse seine;Purse seiner;9733480;S7UO;;;;2788;;1908.68;;;26/06/2015;;ACTIVE;IOTC, IMO, GFW, AIS
PS039;JAI ALAI;89.22;SYC;Purse seine;Purse seiner;9733478;S7UK;;;;2788;;1908.68;;;11/02/2015;;ACTIVE;IOTC, IMO, GFW, AIS
PS040;GALERNA III;95.7;SYC;Purse seine;Purse seiner;9663166;S7UG;;;;3445;;2343;;;29/10/2014;;ACTIVE;IOTC, IMO, GFW, AIS
ESP000021921;PACIFIC STAR;105;TZA;Purse seine;Purse seiner;8716837;5IM404;ESP000021921;6994;0;4146;;3307;;;25/02/2022;;ACTIVE;ICCAT (57323588_inoperative), IOTC, IMO, GFW, AIS
ESP000021921;PACIFIC STAR;105;CUW;Purse seine;Purse seiner;8716837;PJEW;ESP000021921;6994;0;4146;;3307;;;02/05/2015;24/02/2022;ACTIVE;ICCAT (57323588_inoperative), IOTC, IMO, GFW, AIS
ESP000021921;PACIFIC STAR;105;KIR;Purse seine;Purse seiner;8716837;T3RG;ESP000021921;6994;0;4146;;3307;;;01/04/2009;01/05/2015;ACTIVE;ICCAT (57323588_inoperative), IOTC, IMO, GFW, AIS
ESP000021921;INTERTUNA CUATRO;105;SYC;Purse seine;Purse seiner;8716837;;ESP000021921;6994;0;4146;;3307;;;01/12/2004;31/03/2009;ACTIVE;ICCAT (57323588_inoperative), IOTC, IMO, GFW, AIS
ESP000021921;ALBACORA;107.1;ESP;Purse seine;Purse seiner;8716837;EGYD;ESP000021921;5148.49;1735.78;4164;2640.27;3307;;3CA-3-1099;01/01/1990;30/11/2004;ACTIVE;ICCAT (57323588_inoperative), IOTC, IMO, GFW, EU REGISTER
PS042;CHARO;73.1;ECU;One boat operated purse seines;Purse seiner;8107646;HC2995;;4000;0;2384;;2023;;;01/02/1996;;ACTIVE;WCPFC, IMO, GFW, AIS
PS042;CHARO;73.1;BLZ;One boat operated purse seines;Purse seiner;8107646;;;4000;0;2384;;2023;;;01/12/1993;31/01/1996;ACTIVE;WCPFC, IMO, GFW, AIS
PS042;TUNGUI;73.1;BLZ;One boat operated purse seines;Purse seiner;8107646;;;4000;0;2384;;2023;;;01/10/1993;30/11/1993;ACTIVE;WCPFC, IMO, GFW, AIS
PS042;TUNGUI;73.1;MEX;One boat operated purse seines;Purse seiner;8107646;;;4000;0;2384;;2023;;;01/12/1984;30/09/1993;ACTIVE;WCPFC, IMO, GFW, AIS
ESP000012215;GUAYATUNA UNO;77.3;ECU;One boat operated purse seines;Purse seiner;8107476;ESP000012215;HC4649;4400;0;2165;;1765;;;01/01/2005;;ACTIVE;WCPFC, IMO, GFW, AIS
ESP000012215;ALBACORA DOCE;77.3;ECU;One boat operated purse seines;Purse seiner;8107476;ESP000012215;;4400;0;2165;;1765;;;01/11/2004;31/12/2004;ACTIVE;WCPFC, IMO, GFW, AIS
ESP000012215;ALBACORA DOCE;77.3;PAN;One boat operated purse seines;Purse seiner;8107476;ESP000012215;;4400;0;2165;;1765;;;01/11/2003;31/10/2004;ACTIVE;WCPFC, IMO, GFW, AIS
ESP000012215;ALBACORA DOCE;77.3;GTM;One boat operated purse seines;Purse seiner;8107476;ESP000012215;;4400;0;2165;;1765;;;01/08/1999;31/10/2003;ACTIVE;WCPFC, IMO, GFW, AIS
ESP000012215;ALBACORA DOCE;71.48;ESP;One boat operated purse seines;Purse seiner;8107476;ESP000012215;EADV;3234;0;2165;0;1765;;3-VI-59834;01/10/1982;31/07/1999;ACTIVE;EU REGISTER, WCPFC, IMO, GFW 
ESP000012217;GUAYATUNA DOS;77.3;ECU;One boat operated purse seines;Purse seiner;8111087;HC4650;ESP000012217;4400;0;2165;;1765;;;01/02/2005;;ACTIVE;WCPFC, IMO, GFW, AIS
ESP000012217;ALBACORA CATORCE;77.3;ECU;One boat operated purse seines;Purse seiner;8111087;;ESP000012217;4400;0;2165;;1765;;;01/11/2004;31/01/2005;ACTIVE;WCPFC, IMO, GFW, AIS
ESP000012217;ALBACORA CATORCE;77.3;PAN;One boat operated purse seines;Purse seiner;8111087;;ESP000012217;4400;0;2165;;1765;;;01/11/2003;31/10/2004;ACTIVE;WCPFC, IMO, GFW, AIS
ESP000012217;ALBACORA CATORCE;77.3;GTM;One boat operated purse seines;Purse seiner;8111087;;ESP000012217;4400;0;2165;;1765;;;01/08/1999;31/10/2003;ACTIVE;WCPFC, IMO, GFW, AIS
ESP000012217;ALBACORA CATORCE;71.48;ESP;One boat operated purse seines;Purse seiner;8111087;EDUV;ESP000012217;3234;0;2165;0;1765;;3-VI-59832;01/01/1983;31/07/1999;ACTIVE;EU REGISTER, WCPFC, IMO, GFW 
PS045;JOCAY;91.1;ECU;Purse seine;Purse seiner;9710983;HC5587;;7000;0;2838;;1881;1693;;14/11/2014;;ACTIVE;IATTC, IMO, GFW, AIS
PS046;EGALABUR;91.1;BLZ;Purse seine;Purse seiner;9710995;V3OI5;;5800;0;2863;;1350;;;08/05/2023;;ACTIVE;ICCAT (57323588_ACTIVE), IMO, GFW, AIS
PS046;EGALABUR;91.1;CUW;Purse seine;Purse seiner;9710995;PJYU;;5800;0;2863;;1350;;;28/04/2021;07/05/2023;ACTIVE;ICCAT (57323588_ACTIVE), IMO, GFW, AIS
PS046;EGALABUR;91.1;CPV;Purse seine;Purse seiner;9710995;D4GX;;5800;0;2863;;1350;;;14/07/2014;27/04/2021;ACTIVE;ICCAT (57323588_ACTIVE), IMO, GFW, AIS
ESP000021905;TXORI BERRI;81;OMN;Purse seine;Purse seiner;9006033;A4BB5;ESP000021905;;;2400;;1000;;;01/06/2022;;ACTIVE;IOTC, IMO, GFW, AIS
ESP000021905;TXORI BERRI;81;BLZ;Purse seine;Purse seiner;9006033;V3UO9;ESP000021905;;;2400;;1000;;;06/12/2013;31/05/2022;ACTIVE;IOTC, IMO, GFW, AIS
ESP000021905;TXORI BERRI;81;ESP;Purse seine;Purse seiner;9006033;EHBX;ESP000021905;3308.82;2720.59;2400;1707.69;1000;;3-BI-22875;01/02/1991;05/12/2013;ACTIVE;EU REGISTER, IOTC, IMO, GFW
SWE000010422;CARMONA;49.9;LTU;OTM;;9921805;LYCI;SWE000010422;2666;718;1197;0;;;KL 947;17/02/2025;;ACTIVE;EU REGISTER
SWE000010422;CARMONA;49.9;SWE;OTM;;9921805;SBNJ;SWE000010422;2666;500;1197;0;;;GG330;18/04/2024;16/02/2025;ACTIVE;EU REGISTER
SWE000010422;CARMONA;49.9;LTU;OTM;;9921805;LYCI;SWE000010422;2666;718;1197;0;;;KL 942;08/03/2024;17/04/2024;ACTIVE;EU REGISTER
SWE000010422;CARMONA;49.9;SWE;OTM;;9921805;SBNJ;SWE000010422;2666;500;1197;0;;;GG330;03/07/2022;07/03/2024;ACTIVE;EU REGISTER
SWE000010422;CARMONA;49.9;SWE;OTM;;9921805;SBNJ;SWE000010422;2666;500;1230;0;;;GG330;27/06/2022;02/07/2022;ACTIVE;EU REGISTER
SWE000010422;CARMONA;49.9;SWE;OTM;;9921805;SBNJ;SWE000010422;2666;0;1230;0;;;GG330;21/06/2022;26/06/2022;ACTIVE;EU REGISTER
SWE000010376;VINGASK�R;34;SWE;OTB;;9886433;SCAB;SWE000010376;736;258;499;0;;;GG500;13/02/2025;;ACTIVE;EU REGISTER
SWE000010376;VINGASK�R;34;SWE;OTB;;9886433;SCAB;SWE000010376;736;0;499;0;;;GG500;29/06/2021;12/02/2025;ACTIVE;EU REGISTER
SWE000010350;ASTRID-MARIE;63.85;SWE;OTM;;9900978;SBYU;SWE000010350;2999;1480;1622;0;;;GG64;31/01/2021;;ACTIVE;EU REGISTER
SWE000010331;TOR-�N;49.99;DNK;OTM;;9840116;OUJF;SWE000010331;2999;0;1310;0;;;S204;12/04/2022;;ACTIVE;EU REGISTER
SWE000010331;TOR-�N;49.99;SWE;OTM;;9840116;SBHJ;SWE000010331;2999;0;1310;0;;;GG204;02/07/2020;11/04/2022;ACTIVE;EU REGISTER
SWE000010307;TORLAND;49.99;SWE;OTM;;9840104;SBHC;SWE000010307;2999;600;1310;0;;;GG207;27/06/2022;;ACTIVE;EU REGISTER
SWE000010307;TORLAND;49.99;SWE;OTM;;9840104;SBHC;SWE000010307;2999;0;1310;0;;;GG207;18/03/2020;26/06/2022;ACTIVE;EU REGISTER
SWE000010243;SIGNET;28.08;DNK;OTB;;9814715;OVRN;SWE000010243;749;0;335.3;0;;;HG264;26/03/2025;;CHECK_FOR_NEW_MMSI;EU REGISTER, AIS
SWE000010243;ARK�;28.05;SWE;OTB;;9814715;SBAK;SWE000010243;736;204;335;0;;;;18/03/2025;25/03/2025;ACTIVE;EU REGISTER, AIS
SWE000010243;ARK�;28.05;SWE;OTB;;9814715;SBAK;SWE000010243;736;204;335;0;;;GG707;26/06/2018;17/03/2025;ACTIVE;EU REGISTER, AIS
SWE000010230;CLIPPERTON;63;SWE;OTM;;9816775;SBCR;SWE000010230;2999;1600;1568;0;;;GG229;04/05/2018;;ACTIVE;EU REGISTER
SWE000010126;V�STFJORD II;41.8;SWE;OTM;;9286748;SGZE;SWE000010126;2040;800;601;0;;;GG218;23/03/2016;;ACTIVE;EU REGISTER
SWE000010126;CETUS;41.8;NOR;;;9286748;LLYM;SWE000010126;;;599;;;;;01/01/2002;22/03/2016;ACTIVE;IMO
SWE000010025;STELLA NOVA IX;49.84;DNK;OTB;;9741164;OYQN;SWE000010025;2000;0;1023;0;;;S464;02/01/2020;;ACTIVE;EU REGISTER
SWE000010025;CARMONA AF DYR�N;49.84;SWE;OTM;;9741164;SIHT;SWE000010025;2000;400;1023;0;;;GG330;24/06/2014;01/01/2020;ACTIVE;EU REGISTER, GFW
SWE000009795;SILVERFORS;40.05;FIN;OTM;;8322765;OJRS;SWE000009795;1280;505;499;0;;;FIN-1146-T;23/08/2016;;ACTIVE;EU REGISTER, GFW
SWE000009795;V�STFJORD;40.05;SWE;OTM;;8322765;SKNM;SWE000009795;1280;570;499;0;;;GG218;28/02/2012;22/08/2016;ACTIVE;EU REGISTER, GFW
SWE000009795;SHANNON;40.05;NOR;;;8322765;;SWE000009795;;;499;;;;;01/01/1999;27/02/2012;ACTIVE;IMO, GFW
SWE000009795;PERNILLE;40.05;DNK;;;8322765;;SWE000009795;;;499;;;;;01/11/1984;31/12/1998;ACTIVE;IMO
SWE000009763;MOSTEIN;43.85;NOR;;;9644782;JXUM;SWE000009763;;;807;;;;;19/03/2023;;ACTIVE;IMO, AIS, GFW
SWE000009763;L�V�N;43.85;SWE;OTM;;9644782;SJKE;SWE000009763;2000;500;807;0;;;GG778;13/03/2012;18/03/2023;ACTIVE;EU REGISTER, GFW
SWE000009717;ELLEN BACH;51.72;DEU;OTB;;9211676;DKIH2;SWE000009717;2030;1077;764;0;;;SH4;26/03/2018;;ACTIVE;EU REGISTER, GFW
SWE000009717;CLIPPERTON;51.72;SWE;OTM;;9211676;SHKW;SWE000009717;2030;1077;764;0;;;GG438;08/08/2011;25/03/2018;ACTIVE;EU REGISTER, GFW
SWE000009717;GOLLENES;51.72;NOR;;;9211676;;SWE000009717;;;764;;;;;01/01/1999;07/08/2011;ACTIVE;IMO
SWE000009445;CADIZ;47.48;DNK;OTB;;8516225;OXHK;SWE000009445;1500;425;672;0;;;L421;13/12/2019;;ACTIVE;EU REGISTER, GFW
SWE000009445;STELLA NOVA VIII;47.48;DNK;OTB;;8516225;OXHK;SWE000009445;1500;425;672;0;;;AS464;01/03/2016;12/12/2019;ACTIVE;EU REGISTER, GFW
SWE000009445;STELLA NOVA VIII;47.48;DNK;OTB;;8516225;OXHK;SWE000009445;1200;0;672;0;;;AS464;03/10/2013;29/02/2016;ACTIVE;EU REGISTER
SWE000009445;STELLA NOVA VIII;47.15;DNK;OTB;;8516225;OXHK;SWE000009445;1200;0;663;0;;;AS464;15/10/2010;02/10/2013;ACTIVE;EU REGISTER
SWE000009445;STELLA NOVA VIII;42.4;DNK;OTB;;8516225;OXHK;SWE000009445;1200;0;535;0;;;AS464;14/04/2010;14/10/2010;ACTIVE;EU REGISTER
SWE000009445;STELLA NOVA AV FOT�;40.41;SWE;OTM;;8516225;SFJV;SWE000009445;1200;230;535;0;;;GG464;01/08/2008;13/04/2010;ACTIVE;EU REGISTER
SWE000009445;GANTHI;;NOR;;;8516225;;SWE000009445;;;;;;;;01/04/1998;31/07/2008;ACTIVE;IMO
SWE000009445;GANTHI;;SWE;;;8516225;;SWE000009445;;;;;;;;01/08/1987;31/03/1998;ACTIVE;IMO
SWE000008442;MARIE;29.77;EST;OTM;;8702757;ESLF;SWE000008442;691;299;252;0;;;EK-1803;02/09/2018;;ACTIVE;EU REGISTER, GFW
SWE000008442;VINGASK�R AV STYRS�;29.77;SWE;OTM;;8702757;SCPZ;SWE000008442;480;120;252;0;;;GG500;27/01/2017;01/09/2018;ACTIVE;EU REGISTER, GFW
SWE000008442;VINGASK�R AV STYRS�;29.77;SWE;OTM;;8702757;SCPZ;SWE000008442;490;120;252;0;;;GG500;12/04/2013;26/01/2017;ACTIVE;EU REGISTER
SWE000008442;VINGASK�R AV STYRS�;23.7;SWE;OTM;;8702757;SCPZ;SWE000008442;490;120;192;0;;;GG500;10/09/2004;11/04/2013;ACTIVE;EU REGISTER
SWE000008442;SAENES JR.;;NOR;;;8702757;;SWE000008442;;;;;;;;01/06/1995;09/09/2004;ACTIVE;IMO
SWE000008442;SAENES;;ISL;;;8702757;;SWE000008442;;;;;;;;01/10/1987;31/05/1995;ACTIVE;IMO
SWE000008319;AHLMA-WEST;39.78;DNK;OTM;;8741416;OYNY;SWE000008319;1600;600;514;0;;;S206;19/11/2020;;ACTIVE;EU REGISTER
SWE000008319;AHLMA;39.78;DNK;OTM;;8741416;OYNY;SWE000008319;1600;600;514;0;;;S206;07/10/2019;18/11/2020;ACTIVE;EU REGISTER
SWE000008319;AHLMA AV �NNERED;39.78;SWE;OTM;;8741416;SFKE;SWE000008319;1600;640;514;0;;;GG206;03/01/2013;06/10/2019;ACTIVE;EU REGISTER
SWE000008319;CARMONA;39.78;SWE;OTM;;8741416;SFKE;SWE000008319;1600;640;514;0;;;GG330;12/09/2007;02/01/2013;ACTIVE;EU REGISTER
SWE000008319;RIGEL;39.78;SWE;OTM;;8741416;SFKE;SWE000008319;1600;640;514;0;;;GG892;07/10/2005;11/09/2007;ACTIVE;EU REGISTER
SWE000008244;WESTER� AV H�N�;33.34;SWE;OTB;;6815639;SMZN;SWE000008244;735;220.59;272;0;;;GG398;29/01/2020;30/05/2023;MIGHT_BE_OUT_OF_SERVICE;EU REGISTER
SWE000008244;WESTER� AV H�N�;33.34;SWE;OTB;;6815639;SMZN;SWE000008244;735;220.59;272;0;;;GG359;21/01/2008;28/01/2020;ACTIVE;EU REGISTER
SWE000008244;WESTER� AV H�N�;33.34;SWE;OTM;;6815639;SMZN;SWE000008244;735;220.59;272;0;;;GG359;15/01/2008;20/01/2008;ACTIVE;EU REGISTER
SWE000008244;WESTER�;33.34;SWE;OTM;;6815639;SMZN;SWE000008244;735;220.59;272;0;;;GG398;18/11/2004;14/01/2008;ACTIVE;EU REGISTER
SWE000008244;WESTER�;33.34;SWE;OTB;;6815639;SMZN;SWE000008244;735;220.59;272;0;;;GG398;05/03/2003;17/11/2004;ACTIVE;EU REGISTER
SWE000008244;BENTIN;;NOR;;;6815639;;SWE000008244;;;;;;;;01/01/1986;04/03/2003;ACTIVE;IMO
SWE000008244;HAVSET;;NOR;;;6815639;;SWE000008244;;;;;;;;01/01/1982;31/12/1985;ACTIVE;IMO
SWE000008244;BUSEN JUNIOR;;NOR;;;6815639;;SWE000008244;;;;;;;;01/01/1980;31/12/1981;ACTIVE;IMO
SWE000008077;SARON;35.12;DNK;OTB;;9212682;OWDM;SWE000008077;736;294;397;0;;;S158;13/11/2019;;ACTIVE;EU REGISTER
SWE000008077;KARBAK 1;35.12;DNK;OTB;;9212682;OWDM;SWE000008077;736;294;397;0;;;HM635;29/04/2009;12/11/2019;ACTIVE;EU REGISTER
SWE000008077;VICTORIA AV ̖CKER̖;28.2;DEU;OTB;;9212682;DFIN;SWE000008077;736;0;315;0;;;NC315;21/02/2008;28/04/2009;ACTIVE;EU REGISTER
SWE000008077;VICTORIA AV ̖CKER̖;28.2;DEU;OTB;;9212682;DFIN;SWE000008077;736;0;308;0;;;NC315;05/10/2007;20/02/2008;ACTIVE;EU REGISTER
SWE000008077;VICTORIA AV OECKEROE;28.2;DEU;OTB;;9212682;DMEJ;SWE000008077;736;0;308;0;;;NC315;26/08/2002;04/10/2007;ACTIVE;EU REGISTER
SWE000008077;VICTORIA AV �CKER�;28.2;SWE;OTB;;9212682;SKAO;SWE000008077;736;0;308;0;;;GG578;28/09/1999;25/08/2002;ACTIVE;EU REGISTER
SWE000008027;ARCADIA;37.24;SWE;OTM;;7340978;SJWA;SWE000008027;749;470;399;0;;;GE49;19/12/2018;;ACTIVE;EU REGISTER, GFW
SWE000008027;AMAZON;37.24;FIN;OTM;;7340978;OJNM;SWE000008027;1170;470;403;0;;;FIN-1106-T;15/04/2008;18/12/2018;ACTIVE;EU REGISTER, GFW
SWE000008027;VERONICA AV FOT�;37.24;SWE;PTM;;7340978;SJWA;SWE000008027;1170;470;403;0;;;GG812;16/12/2003;14/04/2008;ACTIVE;EU REGISTER
SWE000008027;VERONICA AV FOT�;37.24;SWE;OTM;;7340978;SJWA;SWE000008027;1170;470;403;0;;;GG812;26/10/1998;15/12/2003;ACTIVE;EU REGISTER
SWE000007968;CARMONA;27.38;IRL;OTM;;9170303;EI6206;SWE000007968;736;0;322;0;;;S383;12/05/2014;09/04/2024;MIGHT_BE_OUT_OF_SERVICE;EU REGISTER
SWE000007968;CARMONA;27.38;IRL;GND;;9170303;EI6206;SWE000007968;736;0;322;0;;;S383;24/05/2011;11/05/2014;ACTIVE;EU REGISTER
SWE000007968;CARMONA;27.38;IRL;PTM;;9170303;EI6206;SWE000007968;736;0;322;0;;;S383;06/05/2004;23/05/2011;ACTIVE;EU REGISTER
SWE000007968;CARMONA;27.38;IRL;OTB;;9170303;EI6206;SWE000007968;736;0;322;0;;;S383;22/03/2001;05/05/2004;ACTIVE;EU REGISTER
SWE000007968;CARMONA;27.35;SWE;OTB;;9170303;SIDE;SWE000007968;760;367.65;322;0;;;GG330;15/01/1999;21/03/2001;ACTIVE;EU REGISTER
SWE000007968;CARMONA;26.9;SWE;OTB;;9170303;SIDE;SWE000007968;760;367.65;306;0;;;GG330;19/12/1997;14/01/1999;ACTIVE;EU REGISTER
SWE000007893;ORKA W_A-139;40.27;POL;OTB;;7905211;SNLB;SWE000007893;740;387;468;0;;;W_A-139;17/12/2010;;ACTIVE;EU REGISTER
SWE000007893;CLIPPERTON;40.27;SWE;OTM;;7905211;SHMD;SWE000007893;850;386.03;468;0;;;GG438;05/03/2004;16/12/2010;ACTIVE;EU REGISTER
SWE000007893;CLIPPERTON;32.92;SWE;OTM;;7905211;SHMD;SWE000007893;850;386.03;351;0;;;GG438;01/05/2003;04/03/2004;ACTIVE;EU REGISTER
SWE000007893;CLIPPERTON;32.92;SWE;OTB;;7905211;SHMD;SWE000007893;850;386.03;351;0;;;GG438;09/01/2002;30/04/2003;ACTIVE;EU REGISTER
SWE000007893;CLIPPERTON;32.92;SWE;OTB;;7905211;SHMD;SWE000007893;850;386.03;350;0;;;GG438;26/02/1997;08/01/2002;ACTIVE;EU REGISTER
SWE000007312;OLYMPOS;37.74;FIN;OTM;;8719152;OI7939;SWE000007312;1175;500;427;0;;;FIN-175-T;15/01/2010;;ACTIVE;EU REGISTER
SWE000007312;OLYMPOS;37.74;FIN;OTM;;8719152;OI7939;SWE000007312;745;500;427;0;;;FIN-175-T;04/08/2004;14/01/2010;ACTIVE;EU REGISTER
SWE000007312;TRYGVASON;;NOR;;;8719152;;SWE000007312;;;;;;;;17/04/1998;03/08/2004;ACTIVE;IMO
SWE000007312;RIGEL;37.74;SWE;OTM;;8719152;SMUJ;SWE000007312;1014;250;427;0;;;GG892;01/01/1995;16/04/1998;ACTIVE;EU REGISTER
SWE000007230;MERCY;25.3;SWE;OTB;;;SMER;SWE000007230;405;29.41;88;0;;;GG370;27/02/2023;21/03/2023;MIGHT_BE_OUT_OF_SERVICE;EU REGISTER
SWE000007230;MERCY;25.3;SWE;OTM;;;SMER;SWE000007230;405;29.41;88;0;;;GG370;11/07/2019;26/02/2023;ACTIVE;EU REGISTER
SWE000007230;GERD;25.3;SWE;OTB;;;SMER;SWE000007230;405;29.41;88;0;;;SIN53;18/03/2014;18/03/2014;ACTIVE;EU REGISTER
SWE000007230;GERD;25.3;SWE;OTB;;;SMER;SWE000007230;316;29.41;88;0;;;SIN53;15/10/2013;25/02/2014;ACTIVE;EU REGISTER
SWE000007230;GERD;25.3;SWE;OTB;;;SMER;SWE000007230;315.44;29.41;88;0;;;SIN53;15/11/1996;11/08/2011;ACTIVE;EU REGISTER
SWE000007230;GERD;25.3;SWE;OTB;;;SMER;SWE000007230;315.44;29.41;159.85;76;;;SIN53;01/01/1995;14/11/1996;ACTIVE;EU REGISTER
SWE000007181;NEPTUN;48.85;DNK;OTB;;8516213;OZGR;SWE000007181;1500;0;747;0;;;AS202;26/04/2018;;ACTIVE;EU REGISTER
SWE000007181;NEPTUN;48.85;DNK;OTB;;8516213;OZGR;SWE000007181;1200;0;747;0;;;AS202;30/01/2014;25/04/2018;ACTIVE;EU REGISTER
SWE000007181;NIMBER;48.85;DNK;OTB;;8516213;OZGR;SWE000007181;1200;0;747;0;;;S202;15/07/2011;29/01/2014;ACTIVE;EU REGISTER
SWE000007181;NIMBER;40.41;DNK;OTB;;8516213;OZGR;SWE000007181;1200;0;535;0;;;S202;04/05/2011;14/07/2011;ACTIVE;EU REGISTER
SWE000007181;NIMBER;40.41;SWE;OTM;;8516213;SLUW;SWE000007181;1500;350;535;0;;;GG202;19/08/2008;13/04/2011;ACTIVE;EU REGISTER
SWE000007181;SKUDETRAL;;NOR;;;8516213;;SWE000007181;;;;;;;;01/01/2005;18/08/2008;ACTIVE;IMO
SWE000007181;TRAAL II;;NOR;;;8516213;;SWE000007181;;;;;;;;01/05/2003;31/12/2004;ACTIVE;IMO
SWE000007181;TRAAL;;NOR;;;8516213;;SWE000007181;;;;;;;;08/07/1998;30/04/2003;ACTIVE;IMO
SWE000007181;GINNETON;40.41;SWE;PS;;8516213;SLUW;SWE000007181;1499;294.12;535;0;;;GG203;12/02/1996;07/07/1998;ACTIVE;EU REGISTER
SWE000007181;GINNETON;40.41;SWE;PS;;8516213;SLUW;SWE000007181;1499;294.12;534;0;;;GG203;01/01/1995;11/02/1996;ACTIVE;EU REGISTER
SWE000007157;NAUTIC;26;SWE;OTB;;7400534;SLMB;SWE000007157;691;88.24;196;0;;;LL207;16/11/2017;;ACTIVE;EU REGISTER
SWE000007157;NAUTIC;26;SWE;OTB;;7400534;SLMB;SWE000007157;625;88.24;196;0;;;LL207;13/09/2007;15/11/2017;ACTIVE;EU REGISTER
SWE000007157;V�STERHAVET;26;SWE;OTB;;7400534;SLMB;SWE000007157;625;88.24;196;0;;;GG1308;01/01/1995;12/09/2007;ACTIVE;EU REGISTER
SWE000007126;SONNSK�R;33.77;FIN;OTM;;;OJKN;SWE000007126;730;340;385;0;;;FIN-13-V;01/01/2003;;ACTIVE;EU REGISTER
SWE000007126;VINGASK�R AV STYRS�;33.77;SWE;OTM;;;SLDV;SWE000007126;1110;250;385;0;;;GG500;03/01/2001;27/12/2002;ACTIVE;EU REGISTER
SWE000007126;VINGABORG;33.77;SWE;OTM;;;SLDV;SWE000007126;1110;250;385;0;;;GG569;05/11/1996;25/01/1999;ACTIVE;EU REGISTER
SWE000007126;VINGABORG;33.77;SWE;OTM;;;SLDV;SWE000007126;1110;250;386;0;;;GG569;16/10/1996;16/10/1996;ACTIVE;EU REGISTER
SWE000007126;VINGABORG;33.77;SWE;OTM;;;SLDV;SWE000007126;1110;250;386;0;;;GG483;08/10/1996;08/10/1996;ACTIVE;EU REGISTER
SWE000007125;DAN�;39.96;FIN;OTM;;8404769;OJOY;SWE000007125;1103;420;526;0;;;AAL-129;28/09/2020;;ACTIVE;EU REGISTER
SWE000007125;WIND�;39.96;FIN;OTM;;8404769;OJOY;SWE000007125;1103;420;526;0;;;FIN-1125-T;29/08/2011;27/09/2020;ACTIVE;EU REGISTER
SWE000007125;WIND�;39.96;FIN;OTM;;8404769;OJOY;SWE000007125;1103;420;526;0;;;FIN-151-K;26/08/2011;28/08/2011;ACTIVE;EU REGISTER
SWE000007125;DAN�;39.96;SWE;OTM;;8404769;SLDU;SWE000007125;1100;420;526;0;;;GG206;31/08/1999;25/08/2011;ACTIVE;EU REGISTER
SWE000007125;DAN�;34.27;SWE;OTM;;8404769;SLDU;SWE000007125;1100;420;410;0;;;GG206;05/09/1996;30/08/1999;ACTIVE;EU REGISTER
SWE000007125;DAN�;33.77;SWE;OTM;;8404769;SLDU;SWE000007125;1100;420;386;0;;;GG206;01/01/1995;04/09/1996;ACTIVE;EU REGISTER
SWE000007118;HUMBAK GDY-343;39.48;POL;OTM;;8404757;SNSA;SWE000007118;716;199;474;0;;;GDY-343;03/02/2020;;ACTIVE;EU REGISTER, GFW, IMO
SWE000007118;MOSTEIN;;NOR;;;8404757;;SWE000007118;;;;;;;;01/05/2002;02/02/2020;ACTIVE;
SWE000007118;CETUS;;NOR;;;8404757;;SWE000007118;;;;;;;;22/03/1996;30/04/2002;ACTIVE;EU REGISTER, GFW, IMO
SWE000007118;VINGABORG;33.77;SWE;OTM;;8404757;SLAC;SWE000007118;1183;161.76;384;0;;;GG569;01/01/1995;21/03/1996;ACTIVE;EU REGISTER, GFW, IMO
SWE000007104;BRAVIK;27.78;SWE;OTB;;8321527;SKWE;SWE000007104;810;117.65;225;0;;;GG201;01/07/2007;;ACTIVE;EU REGISTER
SWE000007104;BRAVIK;27.78;SWE;OTB;;8321527;SKWE;SWE000007104;685;117.65;225;0;;;GG201;01/01/1995;30/06/2007;ACTIVE;EU REGISTER
SWE000007095;NORDV�G;25.77;SWE;OTB;;8568709;SKRM;SWE000007095;588.24;22.06;124;0;;;VG40;21/10/2008;03/02/2024;MIGHT_BE_OUT_OF_SERVICE;EU REGISTER
SWE000007095;NORDV�G AV TR�SL�VSL�GE;25.77;SWE;OTB;;8568709;SKRM;SWE000007095;588.24;22.06;124;0;;;VG40;07/07/1999;20/10/2008;ACTIVE;EU REGISTER
SWE000007095;NORDV�G AV TR�SL�VSL�GE;25.77;SWE;OTB;;8568709;SKRM;SWE000007095;588.24;22.06;191.78;99;;;VG40;01/01/1995;06/07/1999;ACTIVE;EU REGISTER
SWE000007060;TUNAFJORD;25.91;SWE;OTB;;7400314;SKBH;SWE000007060;746;80;200;0;;;FG111;17/04/2020;;ACTIVE;EU REGISTER
SWE000007060;�LVSBORG;25.91;SWE;OTB;;7400314;SKBH;SWE000007060;746;80;200;0;;;GG150;19/09/2006;16/04/2020;ACTIVE;EU REGISTER, IMO
SWE000007060;TENFJORD;25.91;SWE;OTB;;7400314;SKBH;SWE000007060;746;80;200;0;;;GG150;23/01/2003;18/09/2006;ACTIVE;EU REGISTER
SWE000007060;TENFJORD;25.91;SWE;OTB;;7400314;SKBH;SWE000007060;415;80;200;0;;;GG150;01/01/1995;22/01/2003;ACTIVE;EU REGISTER
SWE000006912;ODESK�R;38.61;SWE;OTM;;6725004;SIDC;SWE000006912;736;294.12;307;0;;;GG850;04/06/2020;;CHECK_FOR_NEW_MMSI;EU REGISTER
SWE000006912;CARMONA;38.61;SWE;OTM;;6725004;SIDC;SWE000006912;736;294.12;307;0;;;;25/02/2020;03/06/2020;ACTIVE;EU REGISTER
SWE000006912;GLOMSK�R;38.61;SWE;OTM;;6725004;SIDC;SWE000006912;736;294.12;307;0;;;SM53;18/05/2018;24/02/2020;ACTIVE;EU REGISTER
SWE000006912;GLOMSK�R;38.61;SWE;OTB;;6725004;SIDC;SWE000006912;736;294.12;307;0;;;SM53;21/12/2015;17/05/2018;ACTIVE;EU REGISTER
SWE000006912;STJ�RNVIK;38.61;SWE;OTM;;6725004;SIDC;SWE000006912;736;294.12;307;0;;;VG95;29/01/2002;21/03/2014;ACTIVE;EU REGISTER
SWE000006912;STJ�RNVIK;38.61;SWE;OTM;;6725004;SIDC;SWE000006912;750;294.12;307;0;;;VG95;21/02/2001;28/01/2002;ACTIVE;EU REGISTER
SWE000006912;STJ�RNVIK;38.61;SWE;OTM;;6725004;SIDC;SWE000006912;735;294.12;307;0;;;VG95;03/10/1997;24/03/2000;ACTIVE;EU REGISTER
SWE000006912;STJ�RNVIK;33.61;SWE;OTM;;6725004;SIDC;SWE000006912;735;294.12;261;0;;;VG95;01/01/1995;01/01/1997;ACTIVE;EU REGISTER
SWE000006863;KALURI;33.6;EST;OTB;;6905264;ESJF;SWE000006863;736;365;199;0;;;EK-0802;04/06/2010;;ACTIVE;EU REGISTER, IMO
SWE000006863;KALURI;33.6;EST;OTB;;6905264;ESJF;SWE000006863;736;365;205;0;;;EK-0802;09/04/2008;03/06/2010;ACTIVE;EU REGISTER, IMO
SWE000006863;SILVERV�G;33.6;SWE;OTM;;6905264;SHRQ;SWE000006863;1014;191.18;205;0;;;GG784;28/01/2003;28/03/2008;ACTIVE;EU REGISTER, IMO
SWE000006863;SILVERV�G;33.6;SWE;OTM;;6905264;SHRQ;SWE000006863;1014;191.18;193;0;;;GG784;28/09/1998;01/01/2003;ACTIVE;EU REGISTER, IMO
SWE000006863;SILVERV�G;33.6;SWE;OTM;;6905264;SHRQ;SWE000006863;1058;191.18;333.06;166;;;GG784;10/10/1997;01/11/1997;ACTIVE;EU REGISTER, IMO
SWE000006863;VINGALAND;33.6;SWE;OTM;;6905264;SHRQ;SWE000006863;1058;191.18;333.06;166;;;GG490;01/01/1995;07/10/1997;ACTIVE;EU REGISTER, IMO
SWE000006791;WESTFJORD;39.82;FIN;OTM;;6721357;OJPJ;SWE000006791;1385;487;422;0;;;FIN-118-V;01/02/2012;;ACTIVE;EU REGISTER
SWE000006791;V�STFJORD;39.82;FIN;OTM;;6721357;OJPJ;SWE000006791;1385;487;422;0;;;FIN-1113-U;27/01/2012;31/01/2012;ACTIVE;EU REGISTER
SWE000006791;V�STFJORD;39.82;SWE;OTM;;6721357;XSGZEX;SWE000006791;1387;294.12;422;0;;;GG218;18/02/2002;18/01/2012;ACTIVE;EU REGISTER
SWE000006791;V�STFJORD;39.82;SWE;OTM;;6721357;XSGZEX;SWE000006791;1387;294.12;403;0;;;GG218;05/12/1996;17/02/2002;ACTIVE;EU REGISTER
SWE000006791;V�STFJORD;39.72;SWE;OTM;;6721357;XSGZEX;SWE000006791;880;294.12;369;0;;;GG218;01/01/1995;04/12/1996;ACTIVE;EU REGISTER
SWE000006742;SVANVIK;32.06;SWE;OTB;;5050397;SGNM;SWE000006742;705;140;221;0;;;GG578;18/06/2018;17/10/2024;MIGHT_BE_OUT_OF_SERVICE;EU REGISTER
SWE000006742;SVANVIK;32.06;SWE;OTB;;5050397;SGNM;SWE000006742;705;140;221;0;;;LL578;12/12/2007;25/08/2017;ACTIVE;EU REGISTER
SWE000006742;WESTLAND;32.06;SWE;OTB;;5050397;SGNM;SWE000006742;705;140;221;0;;;VG45;18/04/2007;11/12/2007;ACTIVE;EU REGISTER
SWE000006742;WESTLAND;32.06;SWE;OTM;;5050397;SGNM;SWE000006742;705;140;221;0;;;VG45;23/12/2005;17/04/2007;ACTIVE;EU REGISTER
SWE000006742;WESTLAND;32.06;SWE;OTM;;5050397;SGNM;SWE000006742;705;140;190;0;;;VG45;01/01/1995;22/12/2005;ACTIVE;EU REGISTER
SWE000006738;VINGASAND;;AZE;;;6721101;;SWE000006738;;;234;;;;;05/09/2023;;ACTIVE;IMO, GFW
SWE000006738;VINGASAND;33.85;SWE;OTM;;6721101;SGND;SWE000006738;1066;230;234;0;;;GG690;25/10/2005;04/09/2023;ACTIVE;EU REGISTER
SWE000006738;VINGASAND;33.85;SWE;OTM;;6721101;SGND;SWE000006738;1066;230;228;0;;;GG690;24/05/2005;24/10/2005;ACTIVE;EU REGISTER
SWE000006738;VINGASAND AV FISKEB�CK;33.85;SWE;OTM;;6721101;SGND;SWE000006738;1066;230;228;0;;;GG690;01/01/1995;23/05/2005;ACTIVE;EU REGISTER
SWE000006713;LAGUNA;;AZE;;;6709971;;SWE000006713;;;;;;;;27/09/2023;;ACTIVE;IMO, GFW
SWE000006713;LAGUNA;36.13;SWE;PTM;;6709971;SGIK;SWE000006713;660;110;284;0;;;SIN50;17/07/2017;26/09/2023;ACTIVE;EU REGISTER
SWE000006713;LAGUNA;36.13;SWE;OTB;;6709971;SGIK;SWE000006713;660;110;269;0;;;SIN50;04/10/1999;16/07/2017;ACTIVE;EU REGISTER
SWE000006713;LAGUNA;33.55;SWE;OTB;;6709971;SGIK;SWE000006713;660;110;250;0;;;SIN50;01/01/1995;03/10/1999;ACTIVE;EU REGISTER
SWE000006695;VESTLAND;35;SWE;OTB;;6909985;SGCF;SWE000006695;660;150;256;0;;;VY242;18/08/2009;;ACTIVE;EU REGISTER
SWE000006695;VESTLAND;35;SWE;OTM;;6909985;SGCF;SWE000006695;660;150;256;0;;;VY242;12/08/2009;12/08/2009;ACTIVE;EU REGISTER
SWE000006695;ZAIMA;35;SWE;OTM;;6909985;SGCF;SWE000006695;660;150;256;0;;;SIN272;31/12/1998;11/08/2009;ACTIVE;EU REGISTER
SWE000006695;ZAIMA;35;SWE;OTB;;6909985;SGCF;SWE000006695;660;150;256;0;;;SIN272;01/01/1995;01/01/1997;ACTIVE;EU REGISTER
SWE000000056;RUNAVIK;32.45;SWE;OTB;;7628643;SCHB;SWE000000056;596;147.06;273;0;;;GG44;01/01/1995;07/08/2023;MIGHT_BE_OUT_OF_SERVICE;EU REGISTER
SWE000000055;TOR-�N;34.98;SWE;OTM;;7638014;SCGX;SWE000000055;735;105;358;0;;;GG204;06/02/2023;;ACTIVE;EU REGISTER
SWE000000055;R�N;34.98;SWE;OTM;;7638014;SCGX;SWE000000055;735;105;358;0;;;GG683;14/10/2013;22/12/2022;ACTIVE;EU REGISTER
SWE000000055;R�N;35.35;SWE;OTM;;7638014;SCGX;SWE000000055;735;105;358;0;;;GG683;02/09/2013;13/09/2013;ACTIVE;EU REGISTER
SWE000000055;ODESK�R;35.35;SWE;OTM;;7638014;SCGX;SWE000000055;735;105;358;0;;;GG850;09/10/2008;01/09/2013;ACTIVE;EU REGISTER
SWE000000055;ODESK�R;35.35;SWE;OTB;;7638014;SCGX;SWE000000055;735;105;358;0;;;GG850;22/03/2001;08/10/2008;ACTIVE;EU REGISTER
SWE000000055;ODESK�R;35.35;SWE;OTB;;7638014;SCGX;SWE000000055;596;105;358;0;;;GG850;30/01/2001;14/02/2001;ACTIVE;EU REGISTER
SWE000000055;ODESK�R;32.45;SWE;OTB;;7638014;SCGX;SWE000000055;596;105;273;0;;;GG850;01/01/1995;27/04/2000;ACTIVE;EU REGISTER
SWE000000043;RANDI;31.8;EST;OTB;;8911437;ESLN;SWE000000043;642;186;324;0;;;EK-2002;27/11/2020;;ACTIVE;EU REGISTER
SWE000000043;RANDI;31.8;EST;OTB;;8911437;ESLN;SWE000000043;642;486;324;0;;;EK-2002;26/11/2020;26/11/2020;ACTIVE;EU REGISTER
SWE000000043;RANDI;31.74;FIN;OTM;;8911437;OH7873;SWE000000043;746;0;324;0;;;AAL-128;16/10/2018;28/09/2020;ACTIVE;EU REGISTER
SWE000000043;RANDI;31.74;SWE;OTB;;8911437;SBWN;SWE000000043;746;198.53;324;0;;;GG504;10/01/2017;17/09/2018;ACTIVE;EU REGISTER
SWE000000043;RANDI;31.74;SWE;OTB;;8911437;SBWN;SWE000000043;1000;198.53;324;0;;;GG504;29/09/2016;09/01/2017;ACTIVE;EU REGISTER
SWE000000043;RANDI;31.74;SWE;OTM;;8911437;SBWN;SWE000000043;1000;198.53;324;0;;;GG562;21/12/2011;28/09/2016;ACTIVE;EU REGISTER
SWE000000043;RANDI;31.74;SWE;OTM;;8911437;SBWN;SWE000000043;1000;198.53;324;0;;;VG562;27/02/2009;20/12/2011;ACTIVE;EU REGISTER
SWE000000043;RANDI;31.74;SWE;OTB;;8911437;SBWN;SWE000000043;1000;198.53;324;0;;;VG562;27/12/2006;26/02/2009;ACTIVE;EU REGISTER
SWE000000043;RANDI;31.74;SWE;OTB;;8911437;SBWN;SWE000000043;1000;198.53;324;0;;;GG562;28/04/2003;26/12/2006;ACTIVE;EU REGISTER
SWE000000043;RANDI;31.74;SWE;OTB;;8911437;SBWN;SWE000000043;710;198.53;324;0;;;GG562;14/10/1999;27/04/2003;ACTIVE;EU REGISTER
SWE000000043;RANDI;23.77;SWE;OTB;;8911437;SBWN;SWE000000043;710;198.53;211;0;;;GG562;28/12/1998;13/10/1999;ACTIVE;EU REGISTER
SWE000000043;RANDI;23.77;SWE;OTB;;8911437;SBWN;SWE000000043;1029.41;198.53;211;0;;;GG562;01/01/1995;27/12/1998;ACTIVE;EU REGISTER
GBR000C21269;GOOD HOPE;28.6;GBR;OTT;;9863534;MGIE6;GBR000C21269;749;0;398;0;;;LH357;01/01/2021;;ACTIVE;EU REGISTER, GFW
GBR000C21269;GOOD HOPE;28.6;GBR;OTB;;9863534;MGIE6;GBR000C21269;749;0;398;0;;;LH357;20/03/2020;31/12/2020;ACTIVE;EU REGISTER
GBR000C21269;GOOD HOPE;28.6;GBR;SDN;;9863534;MGIE6;GBR000C21269;749;0;777.19;0;;;LH357;07/01/2020;19/03/2020;ACTIVE;EU REGISTER
GBR000C21269;GOOD HOPE;28.6;GBR;OTB;;9863534;;GBR000C21269;749;0;777.19;0;;;LH357;10/12/2019;06/01/2020;ACTIVE;EU REGISTER
FRA000899950;GLENAN;84.1;FRA;PS;;9322669;FMHD;FRA000899950;4000;0;2319;0;;;FMHD;18/07/2008;21/01/2025;CHECK_FOR_NEW_MMSI;EU REGISTER
FRA000899950;GLENAN;84.1;FRA;PS;;9322669;FMHD;FRA000899950;4000;0;2500;0;;;FMHD;21/11/2005;17/07/2008;ACTIVE;EU REGISTER
ITA000025490;ANTONINO SIRRATO;29.26;ITA;OTB;;8649292;IZHM;ITA000025490;515.2;0;184;115;;;00MV00343M;20/03/2012;;ACTIVE;EU REGISTER
ITA000025490;ANTONINO SIRRATO;29.26;ITA;OTB;;8649292;IZHM;ITA000025490;305.44;0;184;115;;;00MV00343M;01/02/2002;19/03/2012;ACTIVE;EU REGISTER
ITA000025490;ANTONINO SIRRATO;29.26;ITA;OTB;;8649292;;ITA000025490;305.44;0;184;115;;;00MV00343M;28/12/2001;31/01/2002;ACTIVE;EU REGISTER
NLD200002594;KENNEDY;27.1;IRL;SX;;9250103;EIVS9;NLD200002594;367;0;200;0;;;WD135;2019-09-03;;ACTIVE;EU REGISTER
NLD200002594;CORNELIS TRIJNTJE;27.1;NLD;SPR;;9250103;PFAY;NLD200002594;367;66;200;0;;;UK-135;2003-01-01;2019-09-02;ACTIVE;EU REGISTER
NLD200002594;CORNELIS TRIJNTJE;27.1;NLD;PTB;;9250103;PFAY;NLD200002594;367;66;200;0;;;UK-135;2001-02-01;2002-12-31;ACTIVE;EU REGISTER
NLD200002594;CORNELIS TRIJNTJE;23.99;NLD;PTB;;9250103;PFAY;NLD200002594;367;66;215;0;;;UK-135;2000-06-30;2001-01-31;ACTIVE;EU REGISTER